{"cameraMode":{"drawMode":0,"name":"Shaded","section":"Shading Mode"},"sceneLighting":false,"audioPlay":false,"sceneViewState":{"m_AlwaysRefresh":false,"showFog":true,"showSkybox":false,"showFlares":true,"showImageEffects":true,"showParticleSystems":true,"showVisualEffectGraphs":true,"m_FxEnabled":true},"in2DMode":false,"pivot":{"x":0.002116002142429352,"y":-0.020050738006830217,"z":-0.002226344309747219},"rotation":{"x":0.07643526047468186,"y":0.610235869884491,"z":-0.05930723249912262,"w":0.7862780094146729},"size":0.03130047395825386,"orthographic":false}